{"E:\\Harmony\\Workspace\\MyApplication\\AppScope\\app.json5":{"hashValue":"680f474c65a4732fcd056adb009cbdbc","name":"app.json5","path":"E:\\Harmony\\Workspace\\MyApplication\\AppScope\\app.json5","type":"file","isSymbolicLink":false,"fileMetaData":{"size":220,"lastModifiedTime":1716689279608}},"E:\\Harmony\\Workspace\\MyApplication\\entry\\src\\main\\module.json5":{"hashValue":"f1f932c492a146f8c086d8b4ac45f797","name":"module.json5","path":"E:\\Harmony\\Workspace\\MyApplication\\entry\\src\\main\\module.json5","type":"file","isSymbolicLink":false,"fileMetaData":{"size":1033,"lastModifiedTime":1716951093413}},"E:\\Harmony\\Workspace\\MyApplication\\entry\\.preview\\default\\intermediates\\merge_profile\\default\\module.json":{"hashValue":"35c2d9cb78d5f87af3d72e7b2210131a","name":"module.json","path":"E:\\Harmony\\Workspace\\MyApplication\\entry\\.preview\\default\\intermediates\\merge_profile\\default\\module.json","type":"file","isSymbolicLink":false,"fileMetaData":{"size":1143,"lastModifiedTime":1717157142810}},"E:\\Harmony\\Workspace\\MyApplication\\entry\\.preview\\default\\intermediates\\loader\\default\\loader.json":{"hashValue":"f4fbed96a0b831fa52b873fd56ff80e9","name":"loader.json","path":"E:\\Harmony\\Workspace\\MyApplication\\entry\\.preview\\default\\intermediates\\loader\\default\\loader.json","type":"file","isSymbolicLink":false,"fileMetaData":{"size":360,"lastModifiedTime":1717157142815}},"E:\\Harmony\\Workspace\\MyApplication\\entry\\.preview\\default\\intermediates\\process_profile\\default\\module.json":{"hashValue":"e5bd28cbe828326b808260ac2d935d12","name":"module.json","path":"E:\\Harmony\\Workspace\\MyApplication\\entry\\.preview\\default\\intermediates\\process_profile\\default\\module.json","type":"file","isSymbolicLink":false,"fileMetaData":{"size":1228,"lastModifiedTime":1717157142979}},"E:\\Harmony\\Workspace\\MyApplication\\entry\\src\\main\\resources":{"hashValue":"dc701daaa02037e12ae5883cd658830a","name":"resources","path":"E:\\Harmony\\Workspace\\MyApplication\\entry\\src\\main\\resources","type":"directory","isSymbolicLink":false,"children":[{"hashValue":"59a1ef2dc4f9e134ebd8714e37a4d1e1","name":"base","path":"E:\\Harmony\\Workspace\\MyApplication\\entry\\src\\main\\resources\\base","type":"directory","isSymbolicLink":false,"children":[{"hashValue":"8ac80e13170771827e2df3032228d2c1","name":"element","path":"E:\\Harmony\\Workspace\\MyApplication\\entry\\src\\main\\resources\\base\\element","type":"directory","isSymbolicLink":false,"children":[{"hashValue":"26cc2e0b9cd21fa1363c08a83850f13e","name":"color.json","path":"E:\\Harmony\\Workspace\\MyApplication\\entry\\src\\main\\resources\\base\\element\\color.json","type":"file","isSymbolicLink":false,"fileMetaData":{"size":304,"lastModifiedTime":1717053544340}},{"hashValue":"9a850aef96b764376a06065693af8eac","name":"string.json","path":"E:\\Harmony\\Workspace\\MyApplication\\entry\\src\\main\\resources\\base\\element\\string.json","type":"file","isSymbolicLink":false,"fileMetaData":{"size":247,"lastModifiedTime":1716689280943}}]},{"hashValue":"c2d0a627a2bc849431180e75d0724996","name":"media","path":"E:\\Harmony\\Workspace\\MyApplication\\entry\\src\\main\\resources\\base\\media","type":"directory","isSymbolicLink":false,"children":[{"hashValue":"11e99d651a32b64c38689fa01fef8dff","name":"apple.jpg","path":"E:\\Harmony\\Workspace\\MyApplication\\entry\\src\\main\\resources\\base\\media\\apple.jpg","type":"file","isSymbolicLink":false,"fileMetaData":{"size":214061,"lastModifiedTime":1703171378461}},{"hashValue":"f4222406201b54beddc600e09fd9c7f6","name":"chat_active.png","path":"E:\\Harmony\\Workspace\\MyApplication\\entry\\src\\main\\resources\\base\\media\\chat_active.png","type":"file","isSymbolicLink":false,"fileMetaData":{"size":9988,"lastModifiedTime":1715684381700}},{"hashValue":"05eea7fd150afc3d477770c99d72072d","name":"chat.png","path":"E:\\Harmony\\Workspace\\MyApplication\\entry\\src\\main\\resources\\base\\media\\chat.png","type":"file","isSymbolicLink":false,"fileMetaData":{"size":9182,"lastModifiedTime":1715684394862}},{"hashValue":"dd686cc0aac5acfc1144ad84800ffbed","name":"clothing.webp","path":"E:\\Harmony\\Workspace\\MyApplication\\entry\\src\\main\\resources\\base\\media\\clothing.webp","type":"file","isSymbolicLink":false,"fileMetaData":{"size":71570,"lastModifiedTime":1703171732401}},{"hashValue":"2ad3082ec827a7bf6dbcc946b58751b9","name":"erweima.png","path":"E:\\Harmony\\Workspace\\MyApplication\\entry\\src\\main\\resources\\base\\media\\erweima.png","type":"file","isSymbolicLink":false,"fileMetaData":{"size":245439,"lastModifiedTime":1717066598161}},{"hashValue":"0dd509e25dbf0eaeb88d543ba1f723cb","name":"fun1.png","path":"E:\\Harmony\\Workspace\\MyApplication\\entry\\src\\main\\resources\\base\\media\\fun1.png","type":"file","isSymbolicLink":false,"fileMetaData":{"size":9611,"lastModifiedTime":1715698034347}},{"hashValue":"6ef5ea9c6c31310f331726ff87180de8","name":"fun2.png","path":"E:\\Harmony\\Workspace\\MyApplication\\entry\\src\\main\\resources\\base\\media\\fun2.png","type":"file","isSymbolicLink":false,"fileMetaData":{"size":12896,"lastModifiedTime":1715698057422}},{"hashValue":"d98c2a666de2c5473e41a9dfad9a4066","name":"fun3.png","path":"E:\\Harmony\\Workspace\\MyApplication\\entry\\src\\main\\resources\\base\\media\\fun3.png","type":"file","isSymbolicLink":false,"fileMetaData":{"size":9378,"lastModifiedTime":1715698075059}},{"hashValue":"7e3f9d7fea57d68044ee0c13d656144e","name":"fun4.png","path":"E:\\Harmony\\Workspace\\MyApplication\\entry\\src\\main\\resources\\base\\media\\fun4.png","type":"file","isSymbolicLink":false,"fileMetaData":{"size":11320,"lastModifiedTime":1715698094955}},{"hashValue":"ea7d9b314c269dc6d37057a530cad0df","name":"fun5.png","path":"E:\\Harmony\\Workspace\\MyApplication\\entry\\src\\main\\resources\\base\\media\\fun5.png","type":"file","isSymbolicLink":false,"fileMetaData":{"size":11027,"lastModifiedTime":1715698146686}},{"hashValue":"edf121c1798d0ec08d6943a641c5cfdb","name":"func_active.png","path":"E:\\Harmony\\Workspace\\MyApplication\\entry\\src\\main\\resources\\base\\media\\func_active.png","type":"file","isSymbolicLink":false,"fileMetaData":{"size":9323,"lastModifiedTime":1715684664509}},{"hashValue":"24676b4729deb947e4d024d863ea850f","name":"func.png","path":"E:\\Harmony\\Workspace\\MyApplication\\entry\\src\\main\\resources\\base\\media\\func.png","type":"file","isSymbolicLink":false,"fileMetaData":{"size":8171,"lastModifiedTime":1715684656026}},{"hashValue":"06e5d351a3902d8ec55db464788c6e73","name":"home_active.png","path":"E:\\Harmony\\Workspace\\MyApplication\\entry\\src\\main\\resources\\base\\media\\home_active.png","type":"file","isSymbolicLink":false,"fileMetaData":{"size":6014,"lastModifiedTime":1715684637917}},{"hashValue":"5f4084223391fec0f28cd161800f24f7","name":"home.png","path":"E:\\Harmony\\Workspace\\MyApplication\\entry\\src\\main\\resources\\base\\media\\home.png","type":"file","isSymbolicLink":false,"fileMetaData":{"size":5527,"lastModifiedTime":1715684646156}},{"hashValue":"77da04f05d55ab5f43297231741ba879","name":"hongbao.png","path":"E:\\Harmony\\Workspace\\MyApplication\\entry\\src\\main\\resources\\base\\media\\hongbao.png","type":"file","isSymbolicLink":false,"fileMetaData":{"size":4665,"lastModifiedTime":1717076665543}},{"hashValue":"6748f430a8d3439c83e630510e02e849","name":"ic_add_pic.png","path":"E:\\Harmony\\Workspace\\MyApplication\\entry\\src\\main\\resources\\base\\media\\ic_add_pic.png","type":"file","isSymbolicLink":false,"fileMetaData":{"size":6310,"lastModifiedTime":1686639226000}},{"hashValue":"59e3c9ce97c152ab65ed27bf400db8d5","name":"ic_add.png","path":"E:\\Harmony\\Workspace\\MyApplication\\entry\\src\\main\\resources\\base\\media\\ic_add.png","type":"file","isSymbolicLink":false,"fileMetaData":{"size":5415,"lastModifiedTime":1686639226000}},{"hashValue":"c401111cdc6a5d01e8eb2d05f9447a46","name":"ic_back.png","path":"E:\\Harmony\\Workspace\\MyApplication\\entry\\src\\main\\resources\\base\\media\\ic_back.png","type":"file","isSymbolicLink":false,"fileMetaData":{"size":1020,"lastModifiedTime":1686639226000}},{"hashValue":"1c2950912d7b1bb46365ceb7c92331bb","name":"ic_cart.png","path":"E:\\Harmony\\Workspace\\MyApplication\\entry\\src\\main\\resources\\base\\media\\ic_cart.png","type":"file","isSymbolicLink":false,"fileMetaData":{"size":7096,"lastModifiedTime":1705819703791}},{"hashValue":"c7f117f478e11087fa0827d2b7811ff9","name":"ic_fail_refresh.png","path":"E:\\Harmony\\Workspace\\MyApplication\\entry\\src\\main\\resources\\base\\media\\ic_fail_refresh.png","type":"file","isSymbolicLink":false,"fileMetaData":{"size":2776,"lastModifiedTime":1686639226000}},{"hashValue":"a93022e292d66fd575b756af9f64542c","name":"ic_none.png","path":"E:\\Harmony\\Workspace\\MyApplication\\entry\\src\\main\\resources\\base\\media\\ic_none.png","type":"file","isSymbolicLink":false,"fileMetaData":{"size":37653,"lastModifiedTime":1686639226000}},{"hashValue":"2d7389d39ec7188ebdbbcd69465bd01d","name":"ic_pull_down_refresh.png","path":"E:\\Harmony\\Workspace\\MyApplication\\entry\\src\\main\\resources\\base\\media\\ic_pull_down_refresh.png","type":"file","isSymbolicLink":false,"fileMetaData":{"size":1924,"lastModifiedTime":1686639226000}},{"hashValue":"16fb8e1b69eaed1cf8e25637d67e20c2","name":"ic_pull_up_load.gif","path":"E:\\Harmony\\Workspace\\MyApplication\\entry\\src\\main\\resources\\base\\media\\ic_pull_up_load.gif","type":"file","isSymbolicLink":false,"fileMetaData":{"size":1787,"lastModifiedTime":1686639226000}},{"hashValue":"2b95d67e3d09f86f56d120820033f1c1","name":"ic_pull_up_refresh.png","path":"E:\\Harmony\\Workspace\\MyApplication\\entry\\src\\main\\resources\\base\\media\\ic_pull_up_refresh.png","type":"file","isSymbolicLink":false,"fileMetaData":{"size":2204,"lastModifiedTime":1686639226000}},{"hashValue":"7bef16bc9e8e6491209cf0a3eb047ed4","name":"ic_student.png","path":"E:\\Harmony\\Workspace\\MyApplication\\entry\\src\\main\\resources\\base\\media\\ic_student.png","type":"file","isSymbolicLink":false,"fileMetaData":{"size":140564,"lastModifiedTime":1686639226000}},{"hashValue":"73b603444f3bd4a4f007687d8967d0fd","name":"ic_succeed_refresh.png","path":"E:\\Harmony\\Workspace\\MyApplication\\entry\\src\\main\\resources\\base\\media\\ic_succeed_refresh.png","type":"file","isSymbolicLink":false,"fileMetaData":{"size":4126,"lastModifiedTime":1686639226000}},{"hashValue":"063cb10ab90613d257104e0dc747f2f0","name":"ic_yiqing.png","path":"E:\\Harmony\\Workspace\\MyApplication\\entry\\src\\main\\resources\\base\\media\\ic_yiqing.png","type":"file","isSymbolicLink":false,"fileMetaData":{"size":87319,"lastModifiedTime":1686639226000}},{"hashValue":"476ccb2a1bf15defb34fc04e29c53e99","name":"ic_yunnan.png","path":"E:\\Harmony\\Workspace\\MyApplication\\entry\\src\\main\\resources\\base\\media\\ic_yunnan.png","type":"file","isSymbolicLink":false,"fileMetaData":{"size":133614,"lastModifiedTime":1686639226000}},{"hashValue":"87b0388bfb8c1b5de8f786758bfd924e","name":"icon.png","path":"E:\\Harmony\\Workspace\\MyApplication\\entry\\src\\main\\resources\\base\\media\\icon.png","type":"file","isSymbolicLink":false,"fileMetaData":{"size":6790,"lastModifiedTime":1686639226000}},{"hashValue":"6cb08d6e693a70b031f9ff13e8806998","name":"jeans.webp","path":"E:\\Harmony\\Workspace\\MyApplication\\entry\\src\\main\\resources\\base\\media\\jeans.webp","type":"file","isSymbolicLink":false,"fileMetaData":{"size":57914,"lastModifiedTime":1703171639776}},{"hashValue":"ec63366fcbd413d7902fe9a0b8764221","name":"kiwifruit.jpg","path":"E:\\Harmony\\Workspace\\MyApplication\\entry\\src\\main\\resources\\base\\media\\kiwifruit.jpg","type":"file","isSymbolicLink":false,"fileMetaData":{"size":1500735,"lastModifiedTime":1703171422093}},{"hashValue":"d00c6428af4c0b3e1dad9582b609dea4","name":"my_active.png","path":"E:\\Harmony\\Workspace\\MyApplication\\entry\\src\\main\\resources\\base\\media\\my_active.png","type":"file","isSymbolicLink":false,"fileMetaData":{"size":6931,"lastModifiedTime":1715684421227}},{"hashValue":"b216ae1a2dbe9eabede8a1d44213cc00","name":"my.png","path":"E:\\Harmony\\Workspace\\MyApplication\\entry\\src\\main\\resources\\base\\media\\my.png","type":"file","isSymbolicLink":false,"fileMetaData":{"size":6561,"lastModifiedTime":1715684409506}},{"hashValue":"1f9740ab8a72fd1be42d2d89e6584d18","name":"tangyuan.jpg","path":"E:\\Harmony\\Workspace\\MyApplication\\entry\\src\\main\\resources\\base\\media\\tangyuan.jpg","type":"file","isSymbolicLink":false,"fileMetaData":{"size":2648284,"lastModifiedTime":1614319655010}},{"hashValue":"86559301b4d731512ec9b5e764f5640c","name":"xuemaojiao.jpg","path":"E:\\Harmony\\Workspace\\MyApplication\\entry\\src\\main\\resources\\base\\media\\xuemaojiao.jpg","type":"file","isSymbolicLink":false,"fileMetaData":{"size":14356,"lastModifiedTime":1577673736178}}]},{"hashValue":"465549e23c0e72ac5a200f22d144f77a","name":"profile","path":"E:\\Harmony\\Workspace\\MyApplication\\entry\\src\\main\\resources\\base\\profile","type":"directory","isSymbolicLink":false,"children":[{"hashValue":"65620af84ccce02942bfa98bf67611b6","name":"main_pages.json","path":"E:\\Harmony\\Workspace\\MyApplication\\entry\\src\\main\\resources\\base\\profile\\main_pages.json","type":"file","isSymbolicLink":false,"fileMetaData":{"size":270,"lastModifiedTime":1717170166965}}]}]},{"hashValue":"63c09013a3892707771299fa01b50486","name":"en_US","path":"E:\\Harmony\\Workspace\\MyApplication\\entry\\src\\main\\resources\\en_US","type":"directory","isSymbolicLink":false,"children":[{"hashValue":"bf90aba2d1118583c9bad01b6a0efcab","name":"element","path":"E:\\Harmony\\Workspace\\MyApplication\\entry\\src\\main\\resources\\en_US\\element","type":"directory","isSymbolicLink":false,"children":[{"hashValue":"5922d13857e32173069cfe3b1696d4dc","name":"string.json","path":"E:\\Harmony\\Workspace\\MyApplication\\entry\\src\\main\\resources\\en_US\\element\\string.json","type":"file","isSymbolicLink":false,"fileMetaData":{"size":247,"lastModifiedTime":1716689281158}}]}]},{"hashValue":"","name":"rawfile","path":"E:\\Harmony\\Workspace\\MyApplication\\entry\\src\\main\\resources\\rawfile","type":"directory","isSymbolicLink":false,"children":[]},{"hashValue":"0da6f64fe9e51548105404e6896ba853","name":"zh_CN","path":"E:\\Harmony\\Workspace\\MyApplication\\entry\\src\\main\\resources\\zh_CN","type":"directory","isSymbolicLink":false,"children":[{"hashValue":"3a5f64c50406417cb9e703104c1c2d4a","name":"element","path":"E:\\Harmony\\Workspace\\MyApplication\\entry\\src\\main\\resources\\zh_CN\\element","type":"directory","isSymbolicLink":false,"children":[{"hashValue":"252e2f3d4dd943af8e318e243c953755","name":"string.json","path":"E:\\Harmony\\Workspace\\MyApplication\\entry\\src\\main\\resources\\zh_CN\\element\\string.json","type":"file","isSymbolicLink":false,"fileMetaData":{"size":241,"lastModifiedTime":1716689280980}}]}]}]},"E:\\Harmony\\Workspace\\MyApplication\\AppScope\\resources":{"hashValue":"5fe4bf548d09bfe40d1c54aaf963f097","name":"resources","path":"E:\\Harmony\\Workspace\\MyApplication\\AppScope\\resources","type":"directory","isSymbolicLink":false,"children":[{"hashValue":"a3875d86925b9a379b94bdd3a2e0b83c","name":"base","path":"E:\\Harmony\\Workspace\\MyApplication\\AppScope\\resources\\base","type":"directory","isSymbolicLink":false,"children":[{"hashValue":"e19b648df560410c4fae69387d1268ab","name":"element","path":"E:\\Harmony\\Workspace\\MyApplication\\AppScope\\resources\\base\\element","type":"directory","isSymbolicLink":false,"children":[{"hashValue":"d5eefd698ed88fad02ce50e0437897c8","name":"string.json","path":"E:\\Harmony\\Workspace\\MyApplication\\AppScope\\resources\\base\\element\\string.json","type":"file","isSymbolicLink":false,"fileMetaData":{"size":99,"lastModifiedTime":1716689274876}}]},{"hashValue":"0fc4613ce9e0151e23e6d70c8a268801","name":"media","path":"E:\\Harmony\\Workspace\\MyApplication\\AppScope\\resources\\base\\media","type":"directory","isSymbolicLink":false,"children":[{"hashValue":"fc76618751763f10e2a7fa2fb6e66d99","name":"app_icon.png","path":"E:\\Harmony\\Workspace\\MyApplication\\AppScope\\resources\\base\\media\\app_icon.png","type":"file","isSymbolicLink":false,"fileMetaData":{"size":6790,"lastModifiedTime":1716689274860}}]}]}]},"E:\\Harmony\\Workspace\\MyApplication\\entry\\.preview\\default\\intermediates\\res\\default":{"hashValue":"4450045eec1a24fe16c794eaaf1103f5","name":"default","path":"E:\\Harmony\\Workspace\\MyApplication\\entry\\.preview\\default\\intermediates\\res\\default","type":"directory","isSymbolicLink":false,"children":[{"hashValue":"09e80f43b6a9628abcb0abfad0f83e5e","name":"app_compiled","path":"E:\\Harmony\\Workspace\\MyApplication\\entry\\.preview\\default\\intermediates\\res\\default\\app_compiled","type":"directory","isSymbolicLink":false,"children":[{"hashValue":"a0d4f95ed8640bb56248da4fb6a9584b","name":"8545893468129852490","path":"E:\\Harmony\\Workspace\\MyApplication\\entry\\.preview\\default\\intermediates\\res\\default\\app_compiled\\8545893468129852490","type":"file","isSymbolicLink":false,"fileMetaData":{"size":194,"lastModifiedTime":1717237433328}},{"hashValue":"7ed780756e55be7a62f8389296185c9e","name":"9697230791636615375","path":"E:\\Harmony\\Workspace\\MyApplication\\entry\\.preview\\default\\intermediates\\res\\default\\app_compiled\\9697230791636615375","type":"file","isSymbolicLink":false,"fileMetaData":{"size":127,"lastModifiedTime":1717237433327}}]},{"hashValue":"e9d790fdf0ede583ae95ce61845fa95e","name":"module_compiled","path":"E:\\Harmony\\Workspace\\MyApplication\\entry\\.preview\\default\\intermediates\\res\\default\\module_compiled","type":"directory","isSymbolicLink":false,"children":[{"hashValue":"54b83906f7f0b33f6230e1113e2e16e8","name":"10985951817035800946","path":"E:\\Harmony\\Workspace\\MyApplication\\entry\\.preview\\default\\intermediates\\res\\default\\module_compiled\\10985951817035800946","type":"file","isSymbolicLink":false,"fileMetaData":{"size":236,"lastModifiedTime":1717237433555}},{"hashValue":"fea49f7c62c17fcd028b917dd93a7cc0","name":"11357154901065655153","path":"E:\\Harmony\\Workspace\\MyApplication\\entry\\.preview\\default\\intermediates\\res\\default\\module_compiled\\11357154901065655153","type":"file","isSymbolicLink":false,"fileMetaData":{"size":212,"lastModifiedTime":1717237433555}},{"hashValue":"b8b6b7748fc9f7ffb365d9fa5c3da882","name":"11482807098346330021","path":"E:\\Harmony\\Workspace\\MyApplication\\entry\\.preview\\default\\intermediates\\res\\default\\module_compiled\\11482807098346330021","type":"file","isSymbolicLink":false,"fileMetaData":{"size":416,"lastModifiedTime":1717237433543}},{"hashValue":"ae27d322face2efcdcc3d91efa96aa12","name":"11600613505478309546","path":"E:\\Harmony\\Workspace\\MyApplication\\entry\\.preview\\default\\intermediates\\res\\default\\module_compiled\\11600613505478309546","type":"file","isSymbolicLink":false,"fileMetaData":{"size":194,"lastModifiedTime":1717237433551}},{"hashValue":"a24b0131a25cc8c19d494a7cf778e89a","name":"122913632333101700","path":"E:\\Harmony\\Workspace\\MyApplication\\entry\\.preview\\default\\intermediates\\res\\default\\module_compiled\\122913632333101700","type":"file","isSymbolicLink":false,"fileMetaData":{"size":203,"lastModifiedTime":1717237433552}},{"hashValue":"148ae3e3fbe55fbb17b73d8b37d8256d","name":"12457166002861080006","path":"E:\\Harmony\\Workspace\\MyApplication\\entry\\.preview\\default\\intermediates\\res\\default\\module_compiled\\12457166002861080006","type":"file","isSymbolicLink":false,"fileMetaData":{"size":194,"lastModifiedTime":1717237433545}},{"hashValue":"ead6d21c1192460bd5b467ece2bd830c","name":"12706883848903769435","path":"E:\\Harmony\\Workspace\\MyApplication\\entry\\.preview\\default\\intermediates\\res\\default\\module_compiled\\12706883848903769435","type":"file","isSymbolicLink":false,"fileMetaData":{"size":206,"lastModifiedTime":1717237433559}},{"hashValue":"96430c7757550409cdaf8dd318829fc4","name":"1271167106509912273","path":"E:\\Harmony\\Workspace\\MyApplication\\entry\\.preview\\default\\intermediates\\res\\default\\module_compiled\\1271167106509912273","type":"file","isSymbolicLink":false,"fileMetaData":{"size":470,"lastModifiedTime":1717237433562}},{"hashValue":"8053261fc98e463450107703faea2674","name":"13596159614795447220","path":"E:\\Harmony\\Workspace\\MyApplication\\entry\\.preview\\default\\intermediates\\res\\default\\module_compiled\\13596159614795447220","type":"file","isSymbolicLink":false,"fileMetaData":{"size":194,"lastModifiedTime":1717237433547}},{"hashValue":"3ebd3b3ec3d6ab4ca4bb5a9277beebd5","name":"13684350393774466910","path":"E:\\Harmony\\Workspace\\MyApplication\\entry\\.preview\\default\\intermediates\\res\\default\\module_compiled\\13684350393774466910","type":"file","isSymbolicLink":false,"fileMetaData":{"size":194,"lastModifiedTime":1717237433548}},{"hashValue":"916882bf0b4b0146be1c5aef16ff9504","name":"1400875003490119855","path":"E:\\Harmony\\Workspace\\MyApplication\\entry\\.preview\\default\\intermediates\\res\\default\\module_compiled\\1400875003490119855","type":"file","isSymbolicLink":false,"fileMetaData":{"size":215,"lastModifiedTime":1717237433545}},{"hashValue":"095f2df777a38fc9c64ec3283cf792c3","name":"14106374451906318508","path":"E:\\Harmony\\Workspace\\MyApplication\\entry\\.preview\\default\\intermediates\\res\\default\\module_compiled\\14106374451906318508","type":"file","isSymbolicLink":false,"fileMetaData":{"size":209,"lastModifiedTime":1717237433556}},{"hashValue":"812f9a7f1aa76f809d3daa9378b7e378","name":"14450987042917705216","path":"E:\\Harmony\\Workspace\\MyApplication\\entry\\.preview\\default\\intermediates\\res\\default\\module_compiled\\14450987042917705216","type":"file","isSymbolicLink":false,"fileMetaData":{"size":514,"lastModifiedTime":1717237433533}},{"hashValue":"ce71bd5cc3c93c5b5495e12fca5f45d9","name":"15817539946081131045","path":"E:\\Harmony\\Workspace\\MyApplication\\entry\\.preview\\default\\intermediates\\res\\default\\module_compiled\\15817539946081131045","type":"file","isSymbolicLink":false,"fileMetaData":{"size":242,"lastModifiedTime":1717237433554}},{"hashValue":"dc729cc431614f5c3a95c82508b96de0","name":"1741892089674108585","path":"E:\\Harmony\\Workspace\\MyApplication\\entry\\.preview\\default\\intermediates\\res\\default\\module_compiled\\1741892089674108585","type":"file","isSymbolicLink":false,"fileMetaData":{"size":212,"lastModifiedTime":1717237433552}},{"hashValue":"392b24c192496af82d550c77e67e81fc","name":"18207795200173232119","path":"E:\\Harmony\\Workspace\\MyApplication\\entry\\.preview\\default\\intermediates\\res\\default\\module_compiled\\18207795200173232119","type":"file","isSymbolicLink":false,"fileMetaData":{"size":194,"lastModifiedTime":1717237433548}},{"hashValue":"326ad04bcbd08f03c16f8455d6ec0312","name":"1981185892221071298","path":"E:\\Harmony\\Workspace\\MyApplication\\entry\\.preview\\default\\intermediates\\res\\default\\module_compiled\\1981185892221071298","type":"file","isSymbolicLink":false,"fileMetaData":{"size":212,"lastModifiedTime":1717237433559}},{"hashValue":"9ccb8c32c6e165846f6028a0bb8b806f","name":"1990002213171010837","path":"E:\\Harmony\\Workspace\\MyApplication\\entry\\.preview\\default\\intermediates\\res\\default\\module_compiled\\1990002213171010837","type":"file","isSymbolicLink":false,"fileMetaData":{"size":464,"lastModifiedTime":1717237433570}},{"hashValue":"cfe8595a7277f4035bcc7b216def2287","name":"252732146145475639","path":"E:\\Harmony\\Workspace\\MyApplication\\entry\\.preview\\default\\intermediates\\res\\default\\module_compiled\\252732146145475639","type":"file","isSymbolicLink":false,"fileMetaData":{"size":209,"lastModifiedTime":1717237433557}},{"hashValue":"a918bed1e1cbfc5a2d2123a0e76acf88","name":"3336905302733880111","path":"E:\\Harmony\\Workspace\\MyApplication\\entry\\.preview\\default\\intermediates\\res\\default\\module_compiled\\3336905302733880111","type":"file","isSymbolicLink":false,"fileMetaData":{"size":209,"lastModifiedTime":1717237433558}},{"hashValue":"8c64d12604f476ba49820c487f8668ed","name":"3413550065749073255","path":"E:\\Harmony\\Workspace\\MyApplication\\entry\\.preview\\default\\intermediates\\res\\default\\module_compiled\\3413550065749073255","type":"file","isSymbolicLink":false,"fileMetaData":{"size":227,"lastModifiedTime":1717237433553}},{"hashValue":"5021a532a40fb229c9a56776b792a0c5","name":"3449838842023237958","path":"E:\\Harmony\\Workspace\\MyApplication\\entry\\.preview\\default\\intermediates\\res\\default\\module_compiled\\3449838842023237958","type":"file","isSymbolicLink":false,"fileMetaData":{"size":209,"lastModifiedTime":1717237433557}},{"hashValue":"54311f4988a364e365b68b8a35a073ad","name":"402406416793663085","path":"E:\\Harmony\\Workspace\\MyApplication\\entry\\.preview\\default\\intermediates\\res\\default\\module_compiled\\402406416793663085","type":"file","isSymbolicLink":false,"fileMetaData":{"size":236,"lastModifiedTime":1717237433556}},{"hashValue":"2ed307fdbc0d1b57c4317725f69d2648","name":"4197255929740716","path":"E:\\Harmony\\Workspace\\MyApplication\\entry\\.preview\\default\\intermediates\\res\\default\\module_compiled\\4197255929740716","type":"file","isSymbolicLink":false,"fileMetaData":{"size":203,"lastModifiedTime":1717237433553}},{"hashValue":"34b44b1079d482b53a148d714c0bf6f8","name":"4199249631321771025","path":"E:\\Harmony\\Workspace\\MyApplication\\entry\\.preview\\default\\intermediates\\res\\default\\module_compiled\\4199249631321771025","type":"file","isSymbolicLink":false,"fileMetaData":{"size":200,"lastModifiedTime":1717237433557}},{"hashValue":"22a8ca971b6568ae8deb2623758f9c0f","name":"4362870086253770317","path":"E:\\Harmony\\Workspace\\MyApplication\\entry\\.preview\\default\\intermediates\\res\\default\\module_compiled\\4362870086253770317","type":"file","isSymbolicLink":false,"fileMetaData":{"size":194,"lastModifiedTime":1717237433549}},{"hashValue":"eefe36ec021b6a15c3e9585d5eaf0769","name":"440899077190930633","path":"E:\\Harmony\\Workspace\\MyApplication\\entry\\.preview\\default\\intermediates\\res\\default\\module_compiled\\440899077190930633","type":"file","isSymbolicLink":false,"fileMetaData":{"size":203,"lastModifiedTime":1717237433550}},{"hashValue":"e2dcb8c5976e46572666b659eb07dd6b","name":"4658908121096190742","path":"E:\\Harmony\\Workspace\\MyApplication\\entry\\.preview\\default\\intermediates\\res\\default\\module_compiled\\4658908121096190742","type":"file","isSymbolicLink":false,"fileMetaData":{"size":203,"lastModifiedTime":1717237433545}},{"hashValue":"10ce064fec6de3e92d675db420e061d0","name":"5990088474252579288","path":"E:\\Harmony\\Workspace\\MyApplication\\entry\\.preview\\default\\intermediates\\res\\default\\module_compiled\\5990088474252579288","type":"file","isSymbolicLink":false,"fileMetaData":{"size":197,"lastModifiedTime":1717237433544}},{"hashValue":"f5116382ab2ae21a02091fd04f298af8","name":"6222067852186631516","path":"E:\\Harmony\\Workspace\\MyApplication\\entry\\.preview\\default\\intermediates\\res\\default\\module_compiled\\6222067852186631516","type":"file","isSymbolicLink":false,"fileMetaData":{"size":194,"lastModifiedTime":1717237433544}},{"hashValue":"c6847cda5399bec2fd4e6cb8dd899a53","name":"6768711759073377684","path":"E:\\Harmony\\Workspace\\MyApplication\\entry\\.preview\\default\\intermediates\\res\\default\\module_compiled\\6768711759073377684","type":"file","isSymbolicLink":false,"fileMetaData":{"size":219,"lastModifiedTime":1717237433560}},{"hashValue":"aea2d1973fd2746d591077339b1465fb","name":"6939964046319358298","path":"E:\\Harmony\\Workspace\\MyApplication\\entry\\.preview\\default\\intermediates\\res\\default\\module_compiled\\6939964046319358298","type":"file","isSymbolicLink":false,"fileMetaData":{"size":227,"lastModifiedTime":1717237433554}},{"hashValue":"81322e5efd5fe438d8eaba6e305e125d","name":"6955544605964620624","path":"E:\\Harmony\\Workspace\\MyApplication\\entry\\.preview\\default\\intermediates\\res\\default\\module_compiled\\6955544605964620624","type":"file","isSymbolicLink":false,"fileMetaData":{"size":215,"lastModifiedTime":1717237433550}},{"hashValue":"83bb1d3d980dac016332639ce35e3905","name":"7041901710935892114","path":"E:\\Harmony\\Workspace\\MyApplication\\entry\\.preview\\default\\intermediates\\res\\default\\module_compiled\\7041901710935892114","type":"file","isSymbolicLink":false,"fileMetaData":{"size":215,"lastModifiedTime":1717237433549}},{"hashValue":"8b325531bc8c474f25eac4c8488a18fc","name":"709832555256920926","path":"E:\\Harmony\\Workspace\\MyApplication\\entry\\.preview\\default\\intermediates\\res\\default\\module_compiled\\709832555256920926","type":"file","isSymbolicLink":false,"fileMetaData":{"size":200,"lastModifiedTime":1717237433551}},{"hashValue":"0411d1c69d05fc6f753a9c56ea817e9a","name":"7284406244376289209","path":"E:\\Harmony\\Workspace\\MyApplication\\entry\\.preview\\default\\intermediates\\res\\default\\module_compiled\\7284406244376289209","type":"file","isSymbolicLink":false,"fileMetaData":{"size":203,"lastModifiedTime":1717237433553}},{"hashValue":"137cfd6acc3610511fd022d8b3441afb","name":"8491003911169734756","path":"E:\\Harmony\\Workspace\\MyApplication\\entry\\.preview\\default\\intermediates\\res\\default\\module_compiled\\8491003911169734756","type":"file","isSymbolicLink":false,"fileMetaData":{"size":194,"lastModifiedTime":1717237433547}},{"hashValue":"508078b56304730f0359276b8f5f7030","name":"9515975708767909089","path":"E:\\Harmony\\Workspace\\MyApplication\\entry\\.preview\\default\\intermediates\\res\\default\\module_compiled\\9515975708767909089","type":"file","isSymbolicLink":false,"fileMetaData":{"size":209,"lastModifiedTime":1717237433545}},{"hashValue":"8dbc658e5c6561ef3e72954f5b53d7ce","name":"9571121268305283598","path":"E:\\Harmony\\Workspace\\MyApplication\\entry\\.preview\\default\\intermediates\\res\\default\\module_compiled\\9571121268305283598","type":"file","isSymbolicLink":false,"fileMetaData":{"size":194,"lastModifiedTime":1717237433545}},{"hashValue":"7f323ba25e76c4d00bea0da6345d0ff6","name":"9712846850231014182","path":"E:\\Harmony\\Workspace\\MyApplication\\entry\\.preview\\default\\intermediates\\res\\default\\module_compiled\\9712846850231014182","type":"file","isSymbolicLink":false,"fileMetaData":{"size":188,"lastModifiedTime":1717237433558}}]},{"hashValue":"27122e40e228afa352a0bcf55ad1b1a9","name":"module.json","path":"E:\\Harmony\\Workspace\\MyApplication\\entry\\.preview\\default\\intermediates\\res\\default\\module.json","type":"file","isSymbolicLink":false,"fileMetaData":{"size":2182,"lastModifiedTime":1717237433647}},{"hashValue":"b986f329f34cbff2267b8546dbb7c6b4","name":"resources","path":"E:\\Harmony\\Workspace\\MyApplication\\entry\\.preview\\default\\intermediates\\res\\default\\resources","type":"directory","isSymbolicLink":false,"children":[{"hashValue":"015a4e85f61322eba600e1e965520df2","name":"base","path":"E:\\Harmony\\Workspace\\MyApplication\\entry\\.preview\\default\\intermediates\\res\\default\\resources\\base","type":"directory","isSymbolicLink":false,"children":[{"hashValue":"f9bde6169fc96029ebdde0850796dda5","name":"profile","path":"E:\\Harmony\\Workspace\\MyApplication\\entry\\.preview\\default\\intermediates\\res\\default\\resources\\base\\profile","type":"directory","isSymbolicLink":false,"children":[{"hashValue":"3d3d82b3da5e415f3815f0a7f0eb3a3a","name":"main_pages.json","path":"E:\\Harmony\\Workspace\\MyApplication\\entry\\.preview\\default\\intermediates\\res\\default\\resources\\base\\profile\\main_pages.json","type":"file","isSymbolicLink":false,"fileMetaData":{"size":206,"lastModifiedTime":1717237449209}}]}]}]},{"hashValue":"3fcccad251a9b8312b15ea3a11f35134","name":"resources.index","path":"E:\\Harmony\\Workspace\\MyApplication\\entry\\.preview\\default\\intermediates\\res\\default\\resources.index","type":"file","isSymbolicLink":false,"fileMetaData":{"size":5269,"lastModifiedTime":1717237433646}},{"hashValue":"e69972fce4776404ff0805141a6dec34","name":"ResourceTable.txt","path":"E:\\Harmony\\Workspace\\MyApplication\\entry\\.preview\\default\\intermediates\\res\\default\\ResourceTable.txt","type":"file","isSymbolicLink":false,"fileMetaData":{"size":1217,"lastModifiedTime":1717237433648}}]},"E:\\Harmony\\Workspace\\MyApplication\\entry\\.preview\\default\\generated\\r\\default":{"hashValue":"f166d078f5b8d1d1e8ca450afdcc9ec5","name":"default","path":"E:\\Harmony\\Workspace\\MyApplication\\entry\\.preview\\default\\generated\\r\\default","type":"directory","isSymbolicLink":false,"children":[{"hashValue":"0b5936180a1d694a772039b9e819ef7b","name":"ResourceTable.h","path":"E:\\Harmony\\Workspace\\MyApplication\\entry\\.preview\\default\\generated\\r\\default\\ResourceTable.h","type":"file","isSymbolicLink":false,"fileMetaData":{"size":2688,"lastModifiedTime":1717237433647}}]},"E:\\Harmony\\Workspace\\MyApplication\\entry\\.preview\\config\\buildConfig.json":{"hashValue":"b8b6137a24ff13e11febf408ba42ef28","name":"buildConfig.json","path":"E:\\Harmony\\Workspace\\MyApplication\\entry\\.preview\\config\\buildConfig.json","type":"file","isSymbolicLink":false,"fileMetaData":{"size":1961,"lastModifiedTime":1717237432458}},"E:\\Harmony\\Workspace\\MyApplication\\entry\\.preview\\default\\intermediates\\res\\default\\module.json":{"hashValue":"27122e40e228afa352a0bcf55ad1b1a9","name":"module.json","path":"E:\\Harmony\\Workspace\\MyApplication\\entry\\.preview\\default\\intermediates\\res\\default\\module.json","type":"file","isSymbolicLink":false,"fileMetaData":{"size":2182,"lastModifiedTime":1717237433647}},"E:\\Harmony\\Workspace\\MyApplication\\entry\\.preview\\default\\intermediates\\res\\default\\resources\\base\\profile\\main_pages.json":{"hashValue":"3d3d82b3da5e415f3815f0a7f0eb3a3a","name":"main_pages.json","path":"E:\\Harmony\\Workspace\\MyApplication\\entry\\.preview\\default\\intermediates\\res\\default\\resources\\base\\profile\\main_pages.json","type":"file","isSymbolicLink":false,"fileMetaData":{"size":206,"lastModifiedTime":1717237449209}},"E:\\Harmony\\Workspace\\MyApplication\\entry\\.preview\\default\\intermediates\\loader\\default":{"hashValue":"b564c3ff8bb51052270f7f9a6031c456","name":"default","path":"E:\\Harmony\\Workspace\\MyApplication\\entry\\.preview\\default\\intermediates\\loader\\default","type":"directory","isSymbolicLink":false,"children":[{"hashValue":"f4fbed96a0b831fa52b873fd56ff80e9","name":"loader.json","path":"E:\\Harmony\\Workspace\\MyApplication\\entry\\.preview\\default\\intermediates\\loader\\default\\loader.json","type":"file","isSymbolicLink":false,"fileMetaData":{"size":360,"lastModifiedTime":1717157142815}}]},"E:\\Harmony\\Workspace\\MyApplication\\entry\\.preview\\default\\intermediates\\res\\default\\ResourceTable.txt":{"hashValue":"e69972fce4776404ff0805141a6dec34","name":"ResourceTable.txt","path":"E:\\Harmony\\Workspace\\MyApplication\\entry\\.preview\\default\\intermediates\\res\\default\\ResourceTable.txt","type":"file","isSymbolicLink":false,"fileMetaData":{"size":1217,"lastModifiedTime":1717237433648}},"E:\\Harmony\\Workspace\\MyApplication\\entry\\.preview\\default\\intermediates\\res\\default\\resources\\base\\profile":{"hashValue":"f9bde6169fc96029ebdde0850796dda5","name":"profile","path":"E:\\Harmony\\Workspace\\MyApplication\\entry\\.preview\\default\\intermediates\\res\\default\\resources\\base\\profile","type":"directory","isSymbolicLink":false,"children":[{"hashValue":"3d3d82b3da5e415f3815f0a7f0eb3a3a","name":"main_pages.json","path":"E:\\Harmony\\Workspace\\MyApplication\\entry\\.preview\\default\\intermediates\\res\\default\\resources\\base\\profile\\main_pages.json","type":"file","isSymbolicLink":false,"fileMetaData":{"size":206,"lastModifiedTime":1717237449209}}]},"E:\\Harmony\\Workspace\\MyApplication\\entry\\src\\main\\ets":{"hashValue":"1d81df117f4bfb7b68cbdbc98ca55809","name":"ets","path":"E:\\Harmony\\Workspace\\MyApplication\\entry\\src\\main\\ets","type":"directory","isSymbolicLink":false,"children":[{"hashValue":"b222046d2e1b9b46ceb73260864387d0","name":"components","path":"E:\\Harmony\\Workspace\\MyApplication\\entry\\src\\main\\ets\\components","type":"directory","isSymbolicLink":false,"children":[{"hashValue":"125135c24582f162beb052a955a4f467","name":"APIMarquee.ets","path":"E:\\Harmony\\Workspace\\MyApplication\\entry\\src\\main\\ets\\components\\APIMarquee.ets","type":"file","isSymbolicLink":false,"fileMetaData":{"size":1068,"lastModifiedTime":1717073162254}},{"hashValue":"85c3544b1452cc7f59a5f151ce624a84","name":"BarBuy.ets","path":"E:\\Harmony\\Workspace\\MyApplication\\entry\\src\\main\\ets\\components\\BarBuy.ets","type":"file","isSymbolicLink":false,"fileMetaData":{"size":7459,"lastModifiedTime":1717223470960}},{"hashValue":"c9ceee73911b31c4af876ad051580d47","name":"BarIndex.ets","path":"E:\\Harmony\\Workspace\\MyApplication\\entry\\src\\main\\ets\\components\\BarIndex.ets","type":"file","isSymbolicLink":false,"fileMetaData":{"size":3782,"lastModifiedTime":1717227906949}},{"hashValue":"84743e26bb1df42bce4d03839e06d20f","name":"BarMy.ets","path":"E:\\Harmony\\Workspace\\MyApplication\\entry\\src\\main\\ets\\components\\BarMy.ets","type":"file","isSymbolicLink":false,"fileMetaData":{"size":6165,"lastModifiedTime":1717170166909}},{"hashValue":"41ee49acac0115da5ecc25d28c1cce9a","name":"BarOrder.ets","path":"E:\\Harmony\\Workspace\\MyApplication\\entry\\src\\main\\ets\\components\\BarOrder.ets","type":"file","isSymbolicLink":false,"fileMetaData":{"size":1413,"lastModifiedTime":1717076209035}},{"hashValue":"b84b1357a3e60ac2aecc04cdf79b6b6e","name":"ItemOrder.ets","path":"E:\\Harmony\\Workspace\\MyApplication\\entry\\src\\main\\ets\\components\\ItemOrder.ets","type":"file","isSymbolicLink":false,"fileMetaData":{"size":2256,"lastModifiedTime":1717143023969}},{"hashValue":"d52d9d18264991222aa624e02eb50752","name":"TabBar.ets","path":"E:\\Harmony\\Workspace\\MyApplication\\entry\\src\\main\\ets\\components\\TabBar.ets","type":"file","isSymbolicLink":false,"fileMetaData":{"size":1958,"lastModifiedTime":1717047944993}},{"hashValue":"58bd41c6ff088cee2cc8d277af647e0c","name":"TitileBarNoBack.ets","path":"E:\\Harmony\\Workspace\\MyApplication\\entry\\src\\main\\ets\\components\\TitileBarNoBack.ets","type":"file","isSymbolicLink":false,"fileMetaData":{"size":561,"lastModifiedTime":1717049812277}},{"hashValue":"22a7653e14c89d5df44d78629a53ccb5","name":"TitleBar.ets","path":"E:\\Harmony\\Workspace\\MyApplication\\entry\\src\\main\\ets\\components\\TitleBar.ets","type":"file","isSymbolicLink":false,"fileMetaData":{"size":727,"lastModifiedTime":1717049851330}}]},{"hashValue":"d72af6a70894319fc3f960fd54fa2b10","name":"entryability","path":"E:\\Harmony\\Workspace\\MyApplication\\entry\\src\\main\\ets\\entryability","type":"directory","isSymbolicLink":false,"children":[{"hashValue":"ba960fe1d01a57b5bb6aad7beee4947d","name":"EntryAbility.ts","path":"E:\\Harmony\\Workspace\\MyApplication\\entry\\src\\main\\ets\\entryability\\EntryAbility.ts","type":"file","isSymbolicLink":false,"fileMetaData":{"size":1417,"lastModifiedTime":1716689281053}}]},{"hashValue":"2f394a182fccf194dcf70d0e445b02ea","name":"model","path":"E:\\Harmony\\Workspace\\MyApplication\\entry\\src\\main\\ets\\model","type":"directory","isSymbolicLink":false,"children":[{"hashValue":"521f07f3b322162a67a8c7e929a20b54","name":"Bean.ets","path":"E:\\Harmony\\Workspace\\MyApplication\\entry\\src\\main\\ets\\model\\Bean.ets","type":"file","isSymbolicLink":false,"fileMetaData":{"size":761,"lastModifiedTime":1717158425271}},{"hashValue":"8dcfcd2df56ed5b057772e25bbd27a32","name":"Http.ets","path":"E:\\Harmony\\Workspace\\MyApplication\\entry\\src\\main\\ets\\model\\Http.ets","type":"file","isSymbolicLink":false,"fileMetaData":{"size":703,"lastModifiedTime":1716950526270}},{"hashValue":"8bbfa6a471a5a79da7b8ab3050f6cd69","name":"NavigationItem.ets","path":"E:\\Harmony\\Workspace\\MyApplication\\entry\\src\\main\\ets\\model\\NavigationItem.ets","type":"file","isSymbolicLink":false,"fileMetaData":{"size":126,"lastModifiedTime":1717031978668}},{"hashValue":"745a222373986f58d0995695e7e59571","name":"NavigationList.ets","path":"E:\\Harmony\\Workspace\\MyApplication\\entry\\src\\main\\ets\\model\\NavigationList.ets","type":"file","isSymbolicLink":false,"fileMetaData":{"size":629,"lastModifiedTime":1717031964960}},{"hashValue":"4a134d8c41d170cd2ea3a8293c23f8f6","name":"Util.ets","path":"E:\\Harmony\\Workspace\\MyApplication\\entry\\src\\main\\ets\\model\\Util.ets","type":"file","isSymbolicLink":false,"fileMetaData":{"size":182,"lastModifiedTime":1716953938741}}]},{"hashValue":"93c6182c0e43eacfabf781ff2ecd6e85","name":"pages","path":"E:\\Harmony\\Workspace\\MyApplication\\entry\\src\\main\\ets\\pages","type":"directory","isSymbolicLink":false,"children":[{"hashValue":"61f520ca00df130032042d3cdb412611","name":"CouponByConsume.ets","path":"E:\\Harmony\\Workspace\\MyApplication\\entry\\src\\main\\ets\\pages\\CouponByConsume.ets","type":"file","isSymbolicLink":false,"fileMetaData":{"size":2893,"lastModifiedTime":1717162462686}},{"hashValue":"c4da7c16445a32428fd8cb33e894ae6c","name":"Index.ets","path":"E:\\Harmony\\Workspace\\MyApplication\\entry\\src\\main\\ets\\pages\\Index.ets","type":"file","isSymbolicLink":false,"fileMetaData":{"size":4978,"lastModifiedTime":1717034294095}},{"hashValue":"b9004ca5576721ba97281d134679471e","name":"Login.ets","path":"E:\\Harmony\\Workspace\\MyApplication\\entry\\src\\main\\ets\\pages\\Login.ets","type":"file","isSymbolicLink":false,"fileMetaData":{"size":2501,"lastModifiedTime":1717230435020}},{"hashValue":"8f4dc970a08be18dd84960e8172ac8e1","name":"MainPage.ets","path":"E:\\Harmony\\Workspace\\MyApplication\\entry\\src\\main\\ets\\pages\\MainPage.ets","type":"file","isSymbolicLink":false,"fileMetaData":{"size":2131,"lastModifiedTime":1717079876359}},{"hashValue":"efb6b787fa0740794a80d1bd3e9ebdab","name":"MyCoupon.ets","path":"E:\\Harmony\\Workspace\\MyApplication\\entry\\src\\main\\ets\\pages\\MyCoupon.ets","type":"file","isSymbolicLink":false,"fileMetaData":{"size":1702,"lastModifiedTime":1717143103819}},{"hashValue":"1151a4562de4f1a632293bece1f2cd23","name":"MyCouponUse.ets","path":"E:\\Harmony\\Workspace\\MyApplication\\entry\\src\\main\\ets\\pages\\MyCouponUse.ets","type":"file","isSymbolicLink":false,"fileMetaData":{"size":2915,"lastModifiedTime":1717159099393}},{"hashValue":"5bbd21b368361931d19bd712713dd01b","name":"Order.ets","path":"E:\\Harmony\\Workspace\\MyApplication\\entry\\src\\main\\ets\\pages\\Order.ets","type":"file","isSymbolicLink":false,"fileMetaData":{"size":9341,"lastModifiedTime":1717223471005}},{"hashValue":"e473c3e2c82510e6ddd07893f7d2ef2d","name":"OrderDetail.ets","path":"E:\\Harmony\\Workspace\\MyApplication\\entry\\src\\main\\ets\\pages\\OrderDetail.ets","type":"file","isSymbolicLink":false,"fileMetaData":{"size":4610,"lastModifiedTime":1717070894789}},{"hashValue":"420230e407d55b99eb0e4f34b1435133","name":"PointCenter.ets","path":"E:\\Harmony\\Workspace\\MyApplication\\entry\\src\\main\\ets\\pages\\PointCenter.ets","type":"file","isSymbolicLink":false,"fileMetaData":{"size":8006,"lastModifiedTime":1717167577970}},{"hashValue":"65970b6a708f7747a5111ff6719fa718","name":"Problem.ets","path":"E:\\Harmony\\Workspace\\MyApplication\\entry\\src\\main\\ets\\pages\\Problem.ets","type":"file","isSymbolicLink":false,"fileMetaData":{"size":2144,"lastModifiedTime":1717171920457}},{"hashValue":"adbf7bba0ded806b32c46b18e1949544","name":"WelfareGroup.ets","path":"E:\\Harmony\\Workspace\\MyApplication\\entry\\src\\main\\ets\\pages\\WelfareGroup.ets","type":"file","isSymbolicLink":false,"fileMetaData":{"size":1025,"lastModifiedTime":1717169584370}}]},{"hashValue":"f17da9cd8ea5209cd29ba934e41f77d4","name":"study","path":"E:\\Harmony\\Workspace\\MyApplication\\entry\\src\\main\\ets\\study","type":"directory","isSymbolicLink":false,"children":[{"hashValue":"2be0e7677a8fc67e37a10845572c4d78","name":"DividerExample.ets","path":"E:\\Harmony\\Workspace\\MyApplication\\entry\\src\\main\\ets\\study\\DividerExample.ets","type":"file","isSymbolicLink":false,"fileMetaData":{"size":510,"lastModifiedTime":1717065557019}}]}]},"E:\\Harmony\\Workspace\\MyApplication\\entry\\.preview\\default\\generated\\r\\default\\ResourceTable.h":{"hashValue":"0b5936180a1d694a772039b9e819ef7b","name":"ResourceTable.h","path":"E:\\Harmony\\Workspace\\MyApplication\\entry\\.preview\\default\\generated\\r\\default\\ResourceTable.h","type":"file","isSymbolicLink":false,"fileMetaData":{"size":2688,"lastModifiedTime":1717237433647}},"{\"commandList\":[\"E:\\\\Harmony\\\\Sdk\\\\openharmony\\\\9\\\\toolchains\\\\restool.exe\",\"-m\",\"entry\",\"-f\",\"-j\",\"E:\\\\Harmony\\\\Workspace\\\\MyApplication\\\\entry\\\\.preview\\\\default\\\\intermediates\\\\process_profile\\\\default\\\\module.json\",\"-p\",\"com.example.myapplication\",\"-o\",\"E:\\\\Harmony\\\\Workspace\\\\MyApplication\\\\entry\\\\.preview\\\\default\\\\intermediates\\\\res\\\\default\",\"-r\",\"E:\\\\Harmony\\\\Workspace\\\\MyApplication\\\\entry\\\\.preview\\\\default\\\\generated\\\\r\\\\default\\\\ResourceTable.h\"],\"inputFiles\":{\"_group\":{}},\"outputFiles\":{\"_group\":{}},\"existsResourceDir\":true,\"restoolLinkParamObj\":{\"appScopeResources\":\"E:\\\\Harmony\\\\Workspace\\\\MyApplication\\\\AppScope\\\\resources\",\"moduleResourcesMap\":{},\"harResourcesMap\":{},\"outputPath\":\"E:\\\\Harmony\\\\Workspace\\\\MyApplication\\\\entry\\\\.preview\\\\default\\\\intermediates\\\\res\\\\default\",\"linkCommand\":[\"E:\\\\Harmony\\\\Sdk\\\\openharmony\\\\9\\\\toolchains\\\\restool.exe\",\"-m\",\"entry\",\"-f\",\"-j\",\"E:\\\\Harmony\\\\Workspace\\\\MyApplication\\\\entry\\\\.preview\\\\default\\\\intermediates\\\\process_profile\\\\default\\\\module.json\",\"-p\",\"com.example.myapplication\",\"-r\",\"E:\\\\Harmony\\\\Workspace\\\\MyApplication\\\\entry\\\\.preview\\\\default\\\\generated\\\\r\\\\default\\\\ResourceTable.h\",\"-z\"]}}":{"hashValue":"","name":"emptyroot","path":"","type":"unknown","isSymbolicLink":false,"children":[]},"E:\\Harmony\\Workspace\\MyApplication\\entry\\.preview\\default\\intermediates\\loader_out\\default\\ets":{"hashValue":"","name":"emptyroot","path":"","type":"unknown","isSymbolicLink":false,"children":[]}}