{
  "version": "1.0",
  "workerIdList": [
    -1
  ],
  "metrics": [
    {
      "type": "build_line",
      "endTime": 1717237414818,
      "status": "closed",
      "children": [],
      "name": "overallTime",
      "taskName": "init",
      "taskPath": "entry",
      "workerId": -1,
      "startTime": 1717237414816
    },
    {
      "type": "build_line",
      "endTime": 1717237414821,
      "status": "closed",
      "children": [],
      "name": "overallTime",
      "taskName": "init",
      "taskPath": "MyApplication",
      "workerId": -1,
      "startTime": 1717237414820
    },
    {
      "type": "build_line",
      "endTime": 1717237433128,
      "status": "closed",
      "children": [],
      "name": "overallTime",
      "taskName": "default@PreBuild",
      "taskPath": "entry",
      "workerId": -1,
      "startTime": 1717237433123
    },
    {
      "type": "build_line",
      "endTime": 1717237433132,
      "status": "closed",
      "children": [],
      "name": "overallTime",
      "taskName": "default@MergeProfile",
      "taskPath": "entry",
      "workerId": -1,
      "startTime": 1717237433129
    },
    {
      "type": "build_line",
      "endTime": 1717237433134,
      "status": "closed",
      "children": [],
      "name": "overallTime",
      "taskName": "default@GenerateLoaderJson",
      "taskPath": "entry",
      "workerId": -1,
      "startTime": 1717237433132
    },
    {
      "type": "build_line",
      "endTime": 1717237433135,
      "status": "closed",
      "children": [],
      "name": "overallTime",
      "taskName": "default@ProcessProfile",
      "taskPath": "entry",
      "workerId": -1,
      "startTime": 1717237433134
    },
    {
      "type": "build_line",
      "endTime": 1717237433148,
      "status": "closed",
      "children": [],
      "name": "overallTime",
      "taskName": "default@PreviewProcessResource",
      "taskPath": "entry",
      "workerId": -1,
      "startTime": 1717237433136
    },
    {
      "type": "build_line",
      "endTime": 1717237433653,
      "status": "closed",
      "children": [],
      "name": "overallTime",
      "taskName": "default@PreviewCompileResource",
      "taskPath": "entry",
      "workerId": -1,
      "startTime": 1717237433151
    },
    {
      "type": "build_line",
      "endTime": 1717237433656,
      "status": "closed",
      "children": [],
      "name": "overallTime",
      "taskName": "default@PreviewHookCompileResource",
      "taskPath": "entry",
      "workerId": -1,
      "startTime": 1717237433656
    },
    {
      "type": "build_line",
      "endTime": 1717237433664,
      "status": "closed",
      "children": [],
      "name": "overallTime",
      "taskName": "default@ReplacePreviewerPage",
      "taskPath": "entry",
      "workerId": -1,
      "startTime": 1717237433657
    },
    {
      "type": "build_line",
      "endTime": 1717237433667,
      "status": "closed",
      "children": [],
      "name": "overallTime",
      "taskName": "buildPreviewerResource",
      "taskPath": "entry",
      "workerId": -1,
      "startTime": 1717237433667
    },
    {
      "type": "build_line",
      "endTime": 1717237433672,
      "status": "closed",
      "children": [],
      "name": "overallTime",
      "taskName": "default@PreviewUpdateAssets",
      "taskPath": "entry",
      "workerId": -1,
      "startTime": 1717237433669
    },
    {
      "type": "build_line",
      "endTime": 1717237449203,
      "status": "closed",
      "children": [],
      "name": "overallTime",
      "taskName": "default@PreviewArkTS",
      "taskPath": "entry",
      "workerId": -1,
      "startTime": 1717237433673
    },
    {
      "type": "build_line",
      "endTime": 1717237449208,
      "status": "closed",
      "children": [],
      "name": "overallTime",
      "taskName": "PreviewBuild",
      "taskPath": "entry",
      "workerId": -1,
      "startTime": 1717237449208
    }
  ],
  "workLog": []
}