{"deviceType":"phone,tablet","checkEntry":"true","localPropertiesPath":"E:\\Harmony\\Workspace\\MyApplication\\local.properties","Path":"E:\\Harmony\\nodejs\\","note":"false","aceProfilePath":"E:\\Harmony\\Workspace\\MyApplication\\entry\\.preview\\default\\intermediates\\res\\default\\resources\\base\\profile","isPreview":"true","hapMode":"false","buildMode":"debug","img2bin":"true","projectProfilePath":"E:\\Harmony\\Workspace\\MyApplication\\build-profile.json5","watchMode":"true","appResource":"E:\\Harmony\\Workspace\\MyApplication\\entry\\.preview\\default\\intermediates\\res\\default\\ResourceTable.txt","logLevel":"3","stageRouterConfig":{"contents":["{\"module\":{\"pages\":\"$profile:main_pages\",\"name\":\"entry\"}}","{\"src\":[\"pages/Index\",\"pages/Login\",\"pages/Order\",\"pages/MainPage\",\"pages/OrderDetail\",\"pages/MyCoupon\",\"pages/MyCouponUse\",\"pages/CouponByConsume\",\"pages/PointCenter\",\"pages/WelfareGroup\",\"pages/Problem\"]}"],"paths":["E:\\Harmony\\Workspace\\MyApplication\\entry\\.preview\\default\\intermediates\\res\\default\\module.json","E:\\Harmony\\Workspace\\MyApplication\\entry\\.preview\\default\\intermediates\\res\\default\\resources\\base\\profile\\main_pages.json"]},"port":"29900","aceBuildJson":"E:\\Harmony\\Workspace\\MyApplication\\entry\\.preview\\default\\intermediates\\loader\\default\\loader.json","aceModuleRoot":"E:\\Harmony\\Workspace\\MyApplication\\entry\\src\\main\\ets","aceSoPath":"E:\\Harmony\\Workspace\\MyApplication\\entry\\.preview\\cache\\nativeDependencies.txt","cachePath":"E:\\Harmony\\Workspace\\MyApplication\\entry\\.preview\\cache","aceModuleBuild":"E:\\Harmony\\Workspace\\MyApplication\\entry\\.preview\\default\\intermediates\\assets\\default\\ets","aceSuperVisualPath":"E:\\Harmony\\Workspace\\MyApplication\\entry\\src\\main\\supervisual","aceModuleJsonPath":"E:\\Harmony\\Workspace\\MyApplication\\entry\\.preview\\default\\intermediates\\res\\default\\module.json"}